Resource,Label
60bd57cd-47ab-7f67-316f-dc63422a9b7e,OVER-B1-A
b0bd57cd-47eb-4fbe-ff2e-3817b34ec3a3,OVER-B1-B
7ebd57cd-4829-9cb0-da20-2a242628126e,OVER-B1-C
f2c18c2b-df10-db55-7f10-c2ef2e771238,OVER-B1-D
d4c18c2b-df20-6399-18a1-353bfff7dfb0,OVER-B1-E
b2c18c2b-e068-78fe-f0ae-f371c5dd4c5d,OVER-B1-G
0cc18c2b-eb93-1258-5ae6-a90a8679bde1,OVER-B1-H
26c18c2b-eaea-9d53-8558-52bab3c18796,OVER-B1-J
8ebd57cd-49e9-4a47-5952-bf110c310fb7,OVER-B10-A
e2bd57cd-4a30-3890-2716-1ade0defbd8b,OVER-B10-B
52bd57cd-4904-744f-97ec-fc803e9d6869,OVER-B10-C
06c18c2b-ecac-9a84-20f2-e2d8e74c5284,OVER-B10-D
dec18c2b-ecaf-217d-a1fa-d4d9c40edfb7,OVER-B10-E
76c18c2b-edcf-b116-84cb-be9bdff600c2,OVER-B10-G
9ec18c2b-eda8-3edd-c5a7-dc80e42f3407,OVER-B10-H
8ec18c2b-ed97-0314-48b9-f6332981af86,OVER-B10-J
30bd57cd-494c-8a3f-de62-59e6020601eb,OVER-B11-A
64bd57cd-4990-c5d4-635e-1e34a1d3f2aa,OVER-B11-B
98bd57cd-49e8-7b14-6b58-2d4c07c8efbb,OVER-B11-C
6cc18c2b-ee46-9ee3-6c70-a4e78bc938ac,OVER-B11-D
f2c18c2b-ee54-1e01-826e-fd5343d08742,OVER-B11-E
58c18c2b-ef7b-ea7c-0111-c7891d4eb801,OVER-B11-G
60c18c2b-ef92-69ec-8faf-4763bd6cbdde,OVER-B11-H
32c18c2b-ef24-960d-f4e7-6b7a7e604cbe,OVER-B11-J
5ebd57cd-4a4b-1b1d-cf6c-73d43adbcefb,OVER-B12-A
a2bd57cd-490c-b1e0-61dd-be47119c38e1,OVER-B12-B
52bd57cd-494d-8536-ca2e-74e81d1270a5,OVER-B12-C
a0c18c2b-ef5a-8bcb-557a-5185ceeafc6e,OVER-B12-D
e4c18c2b-f035-b4cc-c61d-0ae02b724630,OVER-B12-E
d2c18c2b-f15e-6a59-00be-3dab90c2a99b,OVER-B12-G
a4c18c2b-f10d-4b96-6dcf-972b66a4b7a6,OVER-B12-H
fac18c2b-f106-075e-c579-edc548a4644f,OVER-B12-J
4abd57cd-498f-4aa4-1944-050b30261447,OVER-B13-A
4ebd57cd-49e2-2ca8-46bb-d867d8ab45e0,OVER-B13-B
98bd57cd-4a2c-a6c3-d835-50d4a84d3d0f,OVER-B13-C
8cc18c2b-f10d-db72-1718-4412ae77c971,OVER-B13-D
34c18c2b-f194-b275-9004-ddbe9866da5f,OVER-B13-E
fcc18c2b-f303-2cf7-5e1c-a8e04caf34e9,OVER-B13-G
cac18c2b-f2e0-a2d4-2e07-c853afbef593,OVER-B13-H
08c18c2b-f2b3-acb6-9755-a4dd3e3fb5ce,OVER-B13-J
02bd57cd-4942-abc7-7049-a799563914ad,OVER-B14-A
bebd57cd-4998-0769-82ba-7b1d8173e7fa,OVER-B14-B
4abd57cd-49e4-3ce2-dc51-08fbfc5df6cf,OVER-B14-C
12c18c2b-f2a1-e3ee-4bb3-8c63b7bd8e35,OVER-B14-D
06c18c2b-f2a5-4f78-6d9b-c975b84e624e,OVER-B14-E
52c18c2b-f3cf-fc64-4746-7e18f366479b,OVER-B14-G
98c18c2b-f4d8-a3bf-dc85-735fb074d2b5,OVER-B14-H
06c18c2b-f4b8-4a46-7287-572202800bf0,OVER-B14-J
56bd57cd-4a27-458c-75f3-974b0bec9438,OVER-B15-A
5ebd57cd-4a67-3846-baac-a6a5d676ae12,OVER-B15-B
f6bd57cd-4a3e-5af9-2ac3-bf7defc977c0,OVER-B15-C
a0c18c2b-f44e-08ef-f651-cd0488cb2bf2,OVER-B15-D
b2c18c2b-f470-1f7c-ec8e-ca2bc111e7e7,OVER-B15-E
b4c18c2b-f5d7-fc4e-ad70-f1ae59de2838,OVER-B15-G
0ac18c2b-f65e-2b4a-7750-be5eef9d4463,OVER-B15-H
b4c18c2b-f65a-f098-5166-ec9501bdd0d3,OVER-B15-J
e6bd57cd-4a7d-8487-5544-992f5b53d86c,OVER-B16-A
40bd57cd-4ac6-0cbd-f1e5-4e205aa3d1c0,OVER-B16-B
7cbd57cd-4b06-2dba-826a-3c511a786f77,OVER-B16-C
9ec18c2b-f622-2f9b-0741-8bfe1aec1328,OVER-B16-D
6ec18c2b-f61e-fea2-41cc-e0377479955e,OVER-B16-E
46c18c2b-f738-260e-f2ba-2abe9d3a8a80,OVER-B16-G
3ec18c2b-f768-e825-6853-e94d2e774258,OVER-B16-H
fcc18c2b-f82a-f942-eeef-97b405353565,OVER-B16-J
04bd57cd-4b48-ab8a-b5a4-6cb67d46ab26,OVER-B17-A
22bd57cd-4a46-8920-27a1-e19d8cfcadbf,OVER-B17-B
cebd57cd-4a98-809c-3c11-45b0740a4594,OVER-B17-C
aec18c2b-f807-2d0c-2b3e-9f07fe3e6d6b,OVER-B17-D
eec18c2b-f7b8-4539-6d88-8f98330f8821,OVER-B17-E
a0c18c2b-f931-13d4-6bf3-08c9e6c0f4d5,OVER-B17-G
e0c18c2b-f946-78da-17fb-91d8c90fc86c,OVER-B17-H
e2c18c2b-f9c8-c14f-97f8-77ee0ec2be26,OVER-B17-J
cebd57cd-4adb-9c50-b389-a254dc62e723,OVER-B18-A
1cbd57cd-4b19-e1b2-6e0a-db86bc7f0408,OVER-B18-B
fcbd57cd-4b5e-0cfd-a705-d61f24e84cf8,OVER-B18-C
acc18c2b-f9ce-a978-b117-693348dc70f9,OVER-B18-D
ccc18c2b-f992-e94f-d8fe-aa2f09163134,OVER-B18-E
f4c18c2b-fac8-6d8e-e8cf-a08e997dee14,OVER-B18-G
00c18c2b-faa6-6bab-4dda-c32fa7482c7b,OVER-B18-H
d0c18c2b-facc-450b-8fee-d7a7dea91173,OVER-B18-J
98bd57cd-4a9c-b2d2-e088-9335153cd4cc,OVER-B19-A
74bd57cd-4ae4-771f-04bb-b1870adbaecc,OVER-B19-B
ccbd57cd-4b2b-1d6c-7583-8a385f751de4,OVER-B19-C
c0c18c2b-fba6-ceb6-458c-4a6c259a7397,OVER-B19-D
b6c18c2b-fb6e-8360-a702-59b3feb00bec,OVER-B19-E
f6c18c2b-fcb1-1ade-8725-428fd826436f,OVER-B19-G
cac18c2b-fca6-3696-bf9f-116f3783b531,OVER-B19-H
bec18c2b-fce2-fb45-c621-12c2d0356f4e,OVER-B19-J
1cbd57cd-486a-b551-fdc5-74a112dc2102,OVER-B2-A
98bd57cd-4767-165a-cccf-8ee6a6f881df,OVER-B2-B
a2bd57cd-47a9-f16c-2b0e-070260d12be8,OVER-B2-C
d6c18c2b-e98f-5aec-71aa-4aba35f9737a,OVER-B2-D
5cc18c2b-e8e5-c195-29fa-eab147d0c6b0,OVER-B2-E
e0c18c2b-ea13-7670-a0ac-c24b66522a43,OVER-B2-G
04c18c2b-e027-370d-6200-5b259a7c0bfa,OVER-B2-H
04c18c2b-dfc1-a617-0cb1-b1b19cfd717b,OVER-B2-J
76bd57cd-4b6c-7e43-ec0d-21af5c029949,OVER-B20-A
78bd57cd-4bb1-b047-d0bb-a6e2b087f1b2,OVER-B20-B
c8bd57cd-4ab4-92d6-7d1b-f6bfa26cff64,OVER-B20-C
c0c18c2b-fd42-fb74-38d0-585c4e09e767,OVER-B20-D
50c18c2b-fd48-4695-fcba-f1be9e974dc4,OVER-B20-E
3cc18c2b-fe6a-2309-85e4-7cbca40b3580,OVER-B20-G
0cc18c2b-fe70-4565-61c3-93d306e04e69,OVER-B20-H
32c18c2b-fe5d-4d9e-1643-b622ec3efbcd,OVER-B20-J
86bd57cd-4b06-9127-d4a5-8dc046543f5f,OVER-B21-A
48bd57cd-4b46-e935-cc94-594193dec70e,OVER-B21-B
d6bd57cd-4b86-ee8b-aa5f-a33286b6a760,OVER-B21-C
7ec18c2b-feb8-6cef-7096-97395e6dc714,OVER-B21-D
bec18c2b-ff0c-a980-cf8c-ebbdf4e9e298,OVER-B21-E
e8c18c2c-0050-0d01-10c0-d1fac92ad7b3,OVER-B21-G
82c18c2c-001c-fc40-de4c-70240978b1ac,OVER-B21-H
3ac18c2c-0039-76c9-6306-0a6719c0f3d0,OVER-B21-J
80bd57cd-4bc8-d7db-9bf0-a7ea1311f972,OVER-B22-A
36bd57cd-4abd-2b3b-5cd6-e7447bb67be1,OVER-B22-B
14bd57cd-4b06-51eb-5829-2b1089291d64,OVER-B22-C
f8c18c2c-005a-55db-c9f4-798c4b9b1b19,OVER-B22-D
4ac18c2c-0090-c444-b5e0-2b1ec0d8d0f6,OVER-B22-E
4cc18c2c-01bb-55a1-53ea-361c379d0b48,OVER-B22-G
26c18c2c-01fb-04b2-7958-60646682f75e,OVER-B22-H
b8c18c2c-01f7-0d21-8487-8eb30342c25e,OVER-B22-J
8cbd57cd-4b48-8e60-0ed5-cf7935a7c1de,OVER-B23-A
ecbd57cd-4b8c-0419-51d7-2f3d3a902baf,OVER-B23-B
e2bd57cd-4bd0-ed8d-9e69-1ef72b33c177,OVER-B23-C
8ac18c2c-0203-f312-1e30-493b2eb1f0ab,OVER-B23-D
aac18c2c-0262-7b60-e0d6-88b1d85af4ba,OVER-B23-E
44c18c2c-03a3-4d59-3770-81e11b8fc89a,OVER-B23-G
d0c18c2c-03ec-da51-36e3-7d9eb5356435,OVER-B23-H
32c18c2c-037a-d88b-b16a-f11c54abb604,OVER-B23-J
d6bd57cd-4adf-6da0-7696-403da3cff95f,OVER-B24-A
fabd57cd-4b22-5ef8-3a81-9939e1c50566,OVER-B24-B
5abd57cd-4b64-1df1-9c5e-e4f37fd366db,OVER-B24-C
62c18c2c-03d7-b433-1bb8-f7e0e0be84c6,OVER-B24-D
e6c18c2c-03bf-5f2b-e18a-6cd132deca39,OVER-B24-E
58c18c2c-04ed-22d1-23e0-67377f8946df,OVER-B24-G
34c18c2c-052b-ee17-b182-4da28fe48e21,OVER-B24-H
8ec18c2c-05bf-c4cc-7b3a-9497ac972b4d,OVER-B24-J
08bd57cd-4ba3-ecae-b5f5-c89587b1c5e2,OVER-B25-A
a6bd57cd-4be4-3098-1bc8-b63e2a11a3d7,OVER-B25-B
34bd57cd-4bbc-5aa5-c839-0b7721575c6e,OVER-B25-C
d2c18c2c-056c-7d16-0684-73977eb159b8,OVER-B25-D
60c18c2c-0573-005b-c73c-e39903791c15,OVER-B25-E
bac18c2c-06ab-148d-a4b1-3324080bfb57,OVER-B25-G
c6c18c2c-071d-1ddd-67ac-4c71e78905e8,OVER-B25-H
74c18c2c-072b-afa8-7f41-b2cd55d71ab6,OVER-B25-J
cabd57cd-4bfc-5222-5e21-997eb4872462,OVER-B26-A
68bd57cd-4c4f-cedf-a34a-8493ba7310bb,OVER-B26-B
cabd57cd-4c99-1924-0a57-b4787853aa59,OVER-B26-C
1cc18c2c-0774-2497-2de7-32f6b162c7c8,OVER-B26-D
64c18c2c-074e-4b79-4921-e342c73aa099,OVER-B26-E
8cc18c2c-0884-7dba-1f3c-fe61d2638003,OVER-B26-G
92c18c2c-08bd-ad8a-8950-763af075ddb1,OVER-B26-H
5ec18c2c-0900-7f0e-9c9a-57f59f0b525d,OVER-B26-J
5cbd57cd-4cdb-c1b7-f967-8e9ec1c22f31,OVER-B27-A
a2bd57cd-4bcb-2747-73ec-eb8ba6c712eb,OVER-B27-B
7ebd57cd-4c09-e85b-0124-94ea4e57e23d,OVER-B27-C
08c18c2c-094c-3e14-8c21-497959f76fbc,OVER-B27-D
cec18c2c-092f-c9ca-b81a-f9031e928188,OVER-B27-E
b6c18c2c-0a4d-8649-a0ed-31e655a9cfc6,OVER-B27-G
acc18c2c-0a32-a8f2-c647-d280484c5385,OVER-B27-H
12c18c2c-0aa9-71be-f6f9-ccb63e083333,OVER-B27-J
02bd57cd-4c4c-06eb-4cd5-9f10489eb194,OVER-B28-A
d8bd57cd-4c90-f5e6-c946-5719169a58f4,OVER-B28-B
eabd57cd-4cd9-7c8b-d2d8-ab92e8d65317,OVER-B28-C
72c18c2c-0ae5-9ce5-55c3-8dd887bd6d1a,OVER-B28-D
acc18c2c-09c3-872a-e391-930e403b9d1e,OVER-B28-E
0ec18c2c-0b0c-35ab-f7d4-88bc33991e4e,OVER-B28-G
bec18c2c-0a2b-39b0-c49f-5dd300baecde,OVER-B28-H
eec18c2c-09a8-e864-1e68-c4e4cc36a20c,OVER-B28-J
06bd57cd-4c1e-91ff-aaeb-1725e3f69d73,OVER-B29-A
0ebd57cd-4c74-e61f-57d2-f3159bf8964f,OVER-B29-B
bcbd57cd-4cc1-9c1b-14d1-c34cfb5354b1,OVER-B29-C
28c18c2c-08e0-60cd-95a5-523a86dfc04f,OVER-B29-D
5ec18c2c-0819-5b4b-0ec3-9595b34d265e,OVER-B29-E
6ac18c2c-095d-d99c-ed49-6e254ac413bb,OVER-B29-G
e2c18c2c-0860-f5d5-bb23-9fc8e23383bd,OVER-B29-H
e8c18c2c-07bb-0fda-70dd-d3e1896c8173,OVER-B29-J
94bd57cd-47e9-93ec-aebe-2c8f017c2761,OVER-B3-A
f0bd57cd-4829-db3b-372f-7d3f7867503c,OVER-B3-B
2abd57cd-4872-cf1e-6675-c421b301b391,OVER-B3-C
fec18c2b-df8a-4a15-5442-f7f9a1bc1e6b,OVER-B3-D
ecc18c2b-e8c6-25ca-996d-7575a747b691,OVER-B3-E
f8c18c2b-ea02-1dda-2f51-41a06bc77b27,OVER-B3-G
92c18c2b-e9a5-5125-7a31-7439b6d042ee,OVER-B3-H
90c18c2b-e7d1-00dd-773a-c3d367969d78,OVER-B3-J
8cbd57cd-4d09-b116-8663-10e4e5020443,OVER-B30-A
86bd57cd-4d5f-47bb-3096-1679ed50c68e,OVER-B30-B
fabd57cd-4c34-078a-ad52-1373acdeefdf,OVER-B30-C
16c18c2c-072d-62fc-80a7-2967036dabd8,OVER-B30-D
6cc18c2c-0639-0d89-67c4-e70cab387138,OVER-B30-E
18c18c2c-07e2-f2b5-aa46-248e7162c22d,OVER-B30-G
78c18c2c-069d-be03-0daa-7c06fee8d42a,OVER-B30-H
68c18c2c-05fd-314e-6e9c-7110e07b6941,OVER-B30-J
d0bd57cd-4c86-3e55-30cd-e0d853c3fd0f,OVER-B31-A
22bd57cd-4ce0-c0e7-50aa-0fcc12d66aaa,OVER-B31-B
56bd57cd-4d21-d821-d170-2be2ff2947d9,OVER-B31-C
c0c18c2c-053a-c8ba-59ab-42c9acc5d06d,OVER-B31-D
dcc18c2c-04b1-6295-3261-08af9ade7fbd,OVER-B31-E
7ac18c2c-05f3-2aa6-1b0c-d82c32cb8c84,OVER-B31-G
8cc18c2c-0538-27ed-c250-822f059699c8,OVER-B31-H
c2c18c2c-042e-8066-892c-901984a10880,OVER-B31-J
a2bd57cd-4d72-6c7a-b1e4-570d0f02aeb1,OVER-B32-A
18bd57cd-4c3c-4693-2560-f2e83bb63dba,OVER-B32-B
0abd57cd-4c7c-1e53-a407-5c11238216a5,OVER-B32-C
c2c18c2c-0371-94ce-1494-3376596bfb90,OVER-B32-D
74c18c2c-02ef-0e7b-7676-b36a429737d7,OVER-B32-E
d2c18c2c-043e-baca-4f05-3970f5e08922,OVER-B32-G
90c18c2c-0343-c076-bf84-d688facd08bd,OVER-B32-H
5ac18c2c-0291-0cb7-cc0c-3e5ef0fb7feb,OVER-B32-J
2cbd57cd-4cbf-19d8-970d-05ecf428fa03,OVER-B33-A
5ebd57cd-4d0c-6976-ecf5-d5d77db9514f,OVER-B33-B
50bd57cd-4d4f-11fa-77d3-0f0db76a09a8,OVER-B33-C
e4c18c2c-01c1-db24-b453-882cf5a1d7a3,OVER-B33-D
fcc18c2c-0127-4674-48e8-ed0ab1984c58,OVER-B33-E
a4c18c2c-024f-dffa-c956-4ef53ee841f8,OVER-B33-G
4cc18c2c-01de-a30f-494b-ccf187fdbba2,OVER-B33-H
32c18c2c-010b-86f4-0e5e-0a069674e56f,OVER-B33-J
26bd57cd-4c50-6b92-1235-dc001c3bb233,OVER-B34-A
d0bd57cd-4ca0-52b3-dbf9-fb2582fb04ea,OVER-B34-B
82bd57cd-4ced-bf3b-834c-db34403a5125,OVER-B34-C
72c18c2c-000d-f8d2-b916-fcba017edda5,OVER-B34-D
5ec18c2b-ff5d-5cc9-0396-7a10b05b89f7,OVER-B34-E
ccc18c2c-00b7-65bf-38ec-373ef82d5b0c,OVER-B34-G
ecc18c2c-0012-6f3f-f2ec-777546e6afe0,OVER-B34-H
24c18c2b-ff5d-7b67-1daa-edae5280c6e5,OVER-B34-J
f2bd57cd-4d34-a66a-17de-1882d1b20162,OVER-B35-A
60bd57cd-4d84-5ebe-d0cc-52c282b2942e,OVER-B35-B
5ebd57cd-4d47-80f7-ff52-98f6442fc993,OVER-B35-C
94c18c2b-fe66-d267-21f8-cdc79b5dc540,OVER-B35-D
6ac18c2b-fdac-0a5e-7d43-57d5f9a32120,OVER-B35-E
7ec18c2b-ff15-d010-2af2-af15217fa68b,OVER-B35-G
3ec18c2b-fe33-ea86-8fa4-58a89a352160,OVER-B35-H
0ac18c2b-fde8-de27-bf55-e35c3cdf3815,OVER-B35-J
fabd57cd-4d8a-4c8a-abfc-3dbfc8b9db6d,OVER-B36-A
e8bd57cd-4dcd-b489-30e5-cfc9e1afa516,OVER-B36-B
90bd57cd-4e10-6ff5-7448-698679f406a6,OVER-B36-C
d6c18c2b-fca2-9a43-8f14-0d9721fea6e0,OVER-B36-D
2cc18c2b-fbbe-9f65-d637-5a012fe73128,OVER-B36-E
76c18c2b-fceb-8f70-c736-66255a91ca6a,OVER-B36-G
b6c18c2b-fca7-a0a5-2c38-fa67ed84ee89,OVER-B36-H
2ac18c2b-fbf8-769f-2644-4b64da30fe22,OVER-B36-J
18bd57cd-4e59-53fc-cb07-9b10cd7aa48c,OVER-B37-A
5ebd57cd-4d6f-ee7e-b1c1-0c0e6abba54f,OVER-B37-B
d0bd57cd-4db5-13fd-4423-23ee2efb740b,OVER-B37-C
d8c18c2b-fb77-a95e-8782-d9a38be84bf0,OVER-B37-D
80c18c2b-fa1d-f5c1-527a-10dd105bd177,OVER-B37-E
14c18c2b-fb5a-0e8e-01f7-a68b53576af8,OVER-B37-G
44c18c2b-fab0-5054-6c4f-d3e84046f5c3,OVER-B37-H
54c18c2b-fa23-9bd5-7374-8c33e452fc01,OVER-B37-J
f8bd57cd-4df7-f4ba-1c37-4993d408575c,OVER-B38-A
c2bd57cd-4e37-2a45-9321-b36c9e600eb3,OVER-B38-B
70bd57cd-4e77-8f7f-5e3c-0c71af1e4d54,OVER-B38-C
80c18c2b-f9cb-56bc-884d-5820b0b1e2a2,OVER-B38-D
d2c18c2b-f852-d204-4ef6-35b27c6f2243,OVER-B38-E
b4c18c2b-f972-d139-f111-2e13dacfac78,OVER-B38-G
5ec18c2b-f8bf-134e-7b71-4f9ce032ee61,OVER-B38-H
6ac18c2b-f848-99c6-3eef-1da16aca0155,OVER-B38-J
fabd57cd-4dbf-451b-a06b-77a81acba82d,OVER-B39-A
50bd57cd-4e04-7a8d-d652-d53b006d4e7f,OVER-B39-B
ecbd57cd-4e44-b508-b7c9-74a859643967,OVER-B39-C
5ec18c2b-f7eb-8def-8c4f-2aec1226657f,OVER-B39-D
84c18c2b-f75e-685e-a7e1-d7f2d8a2a418,OVER-B39-E
02c18c2b-f88b-0157-c188-f1e41a33422e,OVER-B39-G
70c18c2b-f742-46a8-278d-ede9afc03076,OVER-B39-H
98c18c2b-f673-ad2f-96d9-bd598917031b,OVER-B39-J
d4bd57cd-47b5-1265-1bcb-35098afe15ed,OVER-B4-A
20bd57cd-47fe-2a82-4f15-78f330dc3d83,OVER-B4-B
3cbd57cd-4852-71e6-4d31-9aacc137dbe1,OVER-B4-C
76c18c2b-e750-a732-66bc-9a891a9f6ce7,OVER-B4-D
eec18c2b-e6bf-9d8b-c23b-db1c2f1358a8,OVER-B4-E
12c18c2b-e7d4-9729-7b3a-07f30e1c8eb5,OVER-B4-G
b0c18c2b-e789-a623-cda4-0ad9fdf25e2d,OVER-B4-H
96c18c2b-e5ef-30aa-f64a-d35d81d6666b,OVER-B4-J
74bd57cd-4e8c-f6aa-7d8a-16eabf418198,OVER-B40-A
14bd57cd-4ecf-f04d-7b21-8edf4e704eac,OVER-B40-B
22bd57cd-4dd0-7351-0e5c-f44f51e64d12,OVER-B40-C
b6c18c2b-f618-b6ac-5166-b675b7a4785b,OVER-B40-D
d8c18c2b-f5c9-f94e-be00-b52bedeeb7d9,OVER-B40-E
36c18c2b-f70d-0e60-fa9c-482e49937411,OVER-B40-G
46c18c2b-f589-cde8-91d2-1012cfe9e8c7,OVER-B40-H
1cc18c2b-f4f5-2314-7ded-6c3e2b04f776,OVER-B40-J
c2bd57cd-4e1c-937f-f66e-030f2503bf59,OVER-B41-A
1abd57cd-4e5f-1be2-0dee-875cc416eda8,OVER-B41-B
aebd57cd-4ea3-0856-a54d-5787957c4606,OVER-B41-C
94c18c2b-f44e-8304-17df-767a9fff6d4a,OVER-B41-D
02c18c2b-f3d2-e04b-5e9e-77c6dd95c1ae,OVER-B41-E
8cc18c2b-f523-9689-a668-faa663da24c2,OVER-B41-G
18c18c2b-f48e-630b-d955-ff93f534638a,OVER-B41-H
18c18c2b-f359-f3b4-b41e-42388f1fc480,OVER-B41-J
84bd57cd-4ef6-393d-56a7-71b29fdc4ce4,OVER-B42-A
babd57cd-4de2-22f4-7908-527b9802482a,OVER-B42-B
02bd57cd-4e24-bf53-c9d7-560d5307f2bf,OVER-B42-C
42c18c2b-f27a-a812-25d6-5f1c90fe2410,OVER-B42-D
82c18c2b-f206-3379-e1fd-43e6b4ef698f,OVER-B42-E
36c18c2b-f319-a59b-7404-a755a1430f56,OVER-B42-G
64c18c2b-f2e7-f502-03df-a9bd7bffcc70,OVER-B42-H
acc18c2b-f164-519a-dd94-c12d7524d5b4,OVER-B42-J
42bd57cd-4e65-4ab5-951e-871d9fa277b9,OVER-B43-A
94bd57cd-4ea6-a8c3-04f8-09bfd13daee8,OVER-B43-B
c2bd57cd-4efb-ab6e-05fd-d13ff5950fab,OVER-B43-C
0ac18c2b-f0d5-0e72-40b6-ad4ce6efb6a6,OVER-B43-D
6ec18c2b-f06d-b1d5-dea5-8152a3c636b0,OVER-B43-E
60c18c2b-f186-f750-bfe8-5a0934ef0c46,OVER-B43-G
c4c18c2b-f0f7-444b-e2f4-877c22fd70ac,OVER-B43-H
bec18c2b-f059-2f95-3ded-a7b481db32b0,OVER-B43-J
9ebd57cd-4df2-1293-b665-8bf6b30da32d,OVER-B44-A
74bd57cd-4e36-a6e1-8deb-69a32b05a91a,OVER-B44-B
0cbd57cd-4e7b-b25d-dcf3-a87f9b4a10a4,OVER-B44-C
1ec18c2b-ef32-a8cb-a437-0bcc627f7f0a,OVER-B44-D
f6c18c2b-eeb3-aa45-1813-599317643112,OVER-B44-E
ecc18c2b-efd3-71db-4f72-2605468b1dc7,OVER-B44-G
6cc18c2b-ef5a-300e-8252-9b73f2431c66,OVER-B44-H
fcc18c2b-eeec-09e1-6521-a9aade2cbba2,OVER-B44-J
48bd57cd-4ebd-f804-b170-34fdb90992ec,OVER-B45-A
c0bd57cd-4efe-ec04-9c69-d51a4d831b68,OVER-B45-B
18bd57cd-4ec3-ec02-6ce5-a50498c418a3,OVER-B45-C
d8c18c2b-ed52-e0da-2e73-840778fe6eaf,OVER-B45-D
30c18c2b-ecc9-8524-4df6-8799df68c475,OVER-B45-E
94c18c2b-edf6-5c70-d2a7-35e0159fc21e,OVER-B45-G
f2c18c2b-edbc-d232-6484-2705d240c45f,OVER-B45-H
eac18c2b-ed08-bb2a-8e3c-0b1dc1c3b483,OVER-B45-J
d2bd57cd-4f09-b23d-e192-001abe08bf8c,OVER-B46-A
d2bd57cd-4f50-72e9-2d91-2a1277af6130,OVER-B46-B
56bd57cd-4f8d-c098-6fc5-13c206875862,OVER-B46-C
84c18c2b-ec7d-b1d6-1aa2-f105fc53b016,OVER-B46-D
98c18c2b-eb04-c7ce-608b-05594b3be713,OVER-B46-E
4ec18c2b-ec55-b9d6-aaf5-15b48b51e989,OVER-B46-G
b2c18c2b-ebbf-259b-f7da-b486f40cf2fe,OVER-B46-H
f0c18c2b-eb81-c382-86d4-2af377a8d8b2,OVER-B46-J
ccbd57cd-4fd6-6568-2701-ebe718626fa9,OVER-B47-A
b8bd57cd-4eec-293c-8a86-3eb76ed61c51,OVER-B47-B
3cbd57cd-4f3c-e35b-0686-c617c85773aa,OVER-B47-C
b2c18c2b-eae1-2bcb-33d6-a1df546f12c0,OVER-B47-D
6ac18c2b-e93e-b222-ec86-1fd64d1ec61f,OVER-B47-E
8ac18c2b-ea57-4f2c-11a2-ad5313e56edf,OVER-B47-G
82c18c2b-ea01-c1ae-7dce-f74b53d874a7,OVER-B47-H
1ec18c2b-e96b-c151-59ec-d8705b91045b,OVER-B47-J
30bd57cd-500c-dad9-86d9-a25d21bb179b,OVER-B48-A
aabd57cd-5053-312a-e5f7-366f424f915f,OVER-B48-B
76bd57cd-5097-cb94-6266-f01708a66d25,OVER-B48-C
16c18c2b-e906-0f20-14c6-caceb91f6851,OVER-B48-D
d4c18c2b-e89d-fe55-0d3c-30d90edf713c,OVER-B48-E
9cc18c2b-e9bb-8a1f-cb12-c087cc38059c,OVER-B48-G
8cc18c2b-e854-9509-c34a-c8a89059c9a8,OVER-B48-H
9cc18c2b-e77f-38e4-3cec-68f849addc89,OVER-B48-J
26bd57cd-4f43-94a5-cfaa-8b617c2cf899,OVER-B49-A
6ebd57cd-500b-fbbd-ead4-3484e9048e28,OVER-B49-B
9ebd57cd-504d-cd86-f36a-31be3ee87a44,OVER-B49-C
b8c18c2b-e741-1fa6-a83a-c357c985c046,OVER-B49-D
e4c18c2b-e6b9-b76f-e806-68362938b6e8,OVER-B49-E
3cc18c2b-e7dc-e1ca-5d00-00386c0eb9f3,OVER-B49-G
1ac18c2b-e791-dcae-7994-ba03ef0ef93f,OVER-B49-H
d6c18c2b-e5c5-974a-5bbb-0b6652ae380b,OVER-B49-J
78bd57cd-4894-e839-a6a3-87519675613a,OVER-B5-A
d4bd57cd-48d5-93d7-236b-bd27503a46ea,OVER-B5-B
4abd57cd-48b3-4f68-ef66-198f295c9239,OVER-B5-C
14c18c2b-e570-6ba5-b115-38b1116c5555,OVER-B5-D
c2c18c2b-e503-2825-08f0-adb3e10ba8d6,OVER-B5-E
3ec18c2b-e63b-8221-5942-6d563bc006ec,OVER-B5-G
10c18c2b-e5b7-ca9b-7127-da16b66d9b5d,OVER-B5-H
70c18c2b-e53b-55f3-1418-0c05b38f1ebc,OVER-B5-J
84bd57cd-508f-db26-5fb5-35af680806ee,OVER-B50-A
50bd57cd-50d7-7ba2-cbde-0c1443ad4e4d,OVER-B50-B
82bd57cd-501c-2903-8387-23d57a115d8f,OVER-B50-C
b4c18c2b-e557-76a3-c219-a0ae49ae55e1,OVER-B50-D
8cc18c2b-e4e9-05b0-c527-4b09a0073cde,OVER-B50-E
fac18c2b-e616-fb8d-327d-7b2f9a724514,OVER-B50-G
f8c18c2b-e5bd-d849-0271-741b7a140554,OVER-B50-H
aec18c2b-e41d-0762-8e6e-80f3e494fa2a,OVER-B50-J
72bd57cd-505e-e509-36a5-92605fbbf502,OVER-B51-A
36bd57cd-50a0-b719-12c3-dd3a98d014b3,OVER-B51-B
6ebd57cd-50e2-f6cc-ac63-2afbc24b795e,OVER-B51-C
98c18c2b-e37f-3035-a7bf-2714125e5f2e,OVER-B51-D
80c18c2b-e310-0237-e755-0205daff54f3,OVER-B51-E
12c18c2b-e473-cb5e-17cd-2ffbf6f16edd,OVER-B51-G
50c18c2b-e3e2-7374-a567-a0de9e825b27,OVER-B51-H
66c18c2b-e375-4e19-0f1e-20d2971fad5d,OVER-B51-J
10bd57cd-5124-35c2-ff94-40246562c1f2,OVER-B52-A
cabd57cd-501b-039d-ea6d-99d6bdd5d0b7,OVER-B52-B
8cbd57cd-5068-8f5d-a4c4-e76b34d046f5,OVER-B52-C
c4c18c2b-e198-52f4-0494-19d7612bca4d,OVER-B52-D
8cc18c2b-e120-134f-df9c-43b898fb6220,OVER-B52-E
72c18c2b-e23c-1306-7553-0dbec1e9042d,OVER-B52-G
88c18c2b-e210-3842-00ee-904d756757ff,OVER-B52-H
70c18c2b-e1ac-6251-299a-1f83d49e1e54,OVER-B52-J
56bd57cd-4906-e5dc-e74e-3864794790db,OVER-B6-A
76bd57cd-4947-3677-f18b-7794884b5ff3,OVER-B6-B
bebd57cd-4988-986c-cc6e-1b3b87d01b4b,OVER-B6-C
34c18c2b-e392-5892-ce92-71ce8f002513,OVER-B6-D
02c18c2b-e327-c66c-baa9-379c1292a7fb,OVER-B6-E
26c18c2b-e460-2943-581b-a159b6fac11a,OVER-B6-G
acc18c2b-e3d1-fffe-6251-18b051f70485,OVER-B6-H
dcc18c2b-e385-9096-0f65-4716d304751a,OVER-B6-J
6cbd57cd-49c7-5e37-e13b-e0fe5be5c1c7,OVER-B7-A
babd57cd-48c5-f3dd-00e9-181ff5ea02db,OVER-B7-B
24bd57cd-4909-39a7-7e66-ee49f665530a,OVER-B7-C
f0c18c2b-e1ab-fbba-2aa7-9ecd6b684e79,OVER-B7-D
9cc18c2b-e148-3b26-c7fb-38fd09680978,OVER-B7-E
5ec18c2b-e285-63ed-4d29-7d8e403e97bd,OVER-B7-G
eec18c2b-e220-764e-4c0f-12abcbca9221,OVER-B7-H
c0c18c2b-dfc9-257b-f17b-bcf7ee92b6b5,OVER-B7-J
0abd57cd-4949-a97b-2dbb-3796d898de71,OVER-B8-A
2abd57cd-4994-860f-1c41-2236090f4e1a,OVER-B8-B
9abd57cd-49d9-acf1-563c-560667c774b9,OVER-B8-C
34c18c2b-df5e-a799-dadb-116d0831dcdf,OVER-B8-D
92c18c2b-eaca-d4e0-e605-6808247b6a83,OVER-B8-E
fcc18c2b-ebec-bc1f-1780-a5a91131c599,OVER-B8-G
e0c18c2b-e046-3ac4-8635-844aa4767c9b,OVER-B8-H
eac18c2b-dfc8-3d9e-ba66-a1110d2ff8b7,OVER-B8-J
80bd57cd-4903-20cf-e020-ad909dcd9ef8,OVER-B9-A
cabd57cd-4948-68b7-11d2-199a609cce2f,OVER-B9-B
40bd57cd-4991-ad05-b807-5b59329aaebe,OVER-B9-C
18c18c2b-e152-87cc-be39-933d4b5e1462,OVER-B9-D
5cc18c2b-e0ee-2e87-4d48-f15699dfe289,OVER-B9-E
f2c18c2b-e250-f42b-a0fe-d2cf548cecad,OVER-B9-G
88c18c2b-ebd8-1c33-0fe0-2070c2b1b40c,OVER-B9-H
fcc18c2b-ebd9-04dd-b131-ab420c798b29,OVER-B9-J