Resource,Label
e4bd57cd-3f8c-25bb-e7d9-6ce60f4caa9b,OVER-A1-A
b0bd57cd-3fcc-b264-4d50-88023146a6fc,OVER-A1-B
32bd57cd-400f-bcb3-5595-b586e4a3099b,OVER-A1-C
bec18c2b-dea9-96b5-8781-c1daa1b64f19,OVER-A1-D
02c18c2b-e071-9184-ebb1-a90eb0837852,OVER-A1-E
c0c18c2b-e014-0646-45cd-b5843bfc8269,OVER-A1-G
7cc18c2b-eb43-ed8f-6d27-6b6425aaaf1b,OVER-A1-H
86c18c2b-eaa5-2cf2-7a75-c14fe8614983,OVER-A1-J
34bd57cd-4191-fa42-b55c-47730613ba76,OVER-A10-A
6abd57cd-41d3-3b4b-9af9-1c41bd88562f,OVER-A10-B
7ebd57cd-4211-f5c5-ab54-7d43d348f466,OVER-A10-C
b0c18c2b-ec67-8fe0-47ad-ce69e6000286,OVER-A10-D
a8c18c2b-eda8-853d-a831-bf8cd4b29425,OVER-A10-E
5cc18c2b-ed8a-5846-a5c8-11f18792ec3a,OVER-A10-G
56c18c2b-ed5f-bb89-874b-c031c3925849,OVER-A10-H
fac18c2b-ed49-e83d-c0dd-0a4b95ea2d09,OVER-A10-J
52bd57cd-4114-0eaa-e9ee-07db83ef28fb,OVER-A11-A
52bd57cd-4156-917c-f9c8-74fb34a75723,OVER-A11-B
a4bd57cd-419e-9e7f-43a6-fe68e8188f2b,OVER-A11-C
7cc18c2b-edf8-0045-087d-4e125f8bad72,OVER-A11-D
52c18c2b-ef24-1a6a-8068-e70e4794d548,OVER-A11-E
6ec18c2b-ef31-e1d8-631a-bfc5a7c17860,OVER-A11-G
7cc18c2b-ef3f-dbd4-a150-56e9dbe045d7,OVER-A11-H
bac18c2b-eee2-cc1a-ae93-b206b2ebb471,OVER-A11-J
b6bd57cd-41f5-12d3-cea8-7fd420f83f15,OVER-A12-A
22bd57cd-423c-4fbd-cc72-f89d47714825,OVER-A12-B
f2bd57cd-412a-f514-e17b-052bc043d925,OVER-A12-C
10c18c2b-ef0e-f42e-cb22-a3db5f3b7ab8,OVER-A12-D
9ec18c2b-f033-044e-a0b2-f50ea7654c8d,OVER-A12-E
fcc18c2b-f10d-4e80-7a1b-4f61b6b2f52e,OVER-A12-G
76c18c2b-f0c8-65ad-ec4d-cdb6c7ad012a,OVER-A12-H
c8c18c2b-f0bf-0bc2-f074-bb16682b25bc,OVER-A12-J
1abd57cd-4184-1d74-1dae-80314135b5ae,OVER-A13-A
9cbd57cd-41e4-a106-1828-227e54f3102b,OVER-A13-B
6ebd57cd-4232-2c51-3cdc-3fa7fceafca3,OVER-A13-C
aac18c2b-f0c4-2ed6-474f-7718c594a9bc,OVER-A13-D
1ac18c2b-f1eb-87ac-08f4-7739772ad68f,OVER-A13-E
fac18c2b-f2ab-79a6-40fa-79481e7bdc27,OVER-A13-G
42c18c2b-f29b-1f6e-3706-c321bb006441,OVER-A13-H
0ec18c2b-f26c-0825-4eae-69e36a9bcf46,OVER-A13-J
4ebd57cd-4273-c0d3-4817-0b1789ef89df,OVER-A14-A
dcbd57cd-413a-4be1-4593-174a7e24cf67,OVER-A14-B
22bd57cd-4195-57a4-1c61-9e8d3bf632ef,OVER-A14-C
b6c18c2b-f25d-692f-f5a4-d5b8623cb927,OVER-A14-D
eec18c2b-f3c1-4472-c637-66664a671159,OVER-A14-E
0ac18c2b-f388-14e0-6fb6-c5e252c891ca,OVER-A14-G
00c18c2b-f481-db20-71a8-f38b4d57a320,OVER-A14-H
86c18c2b-f436-a04b-401b-d4be16eb6ba4,OVER-A14-J
d6bd57cd-41d6-b21e-d315-6ccb0b9d3d40,OVER-A15-A
aabd57cd-4218-e43c-6bf5-6371d94c5aca,OVER-A15-B
7abd57cd-4259-5de8-f0cd-d1f67eb011f3,OVER-A15-C
dec18c2b-f408-df3d-b131-ff9f8d64ad49,OVER-A15-D
e6c18c2b-f533-a295-e507-2598378f27ea,OVER-A15-E
04c18c2b-f575-3889-0c0e-1dc1665f4ed4,OVER-A15-G
82c18c2b-f615-dd05-efac-26ccc447b501,OVER-A15-H
50c18c2b-f617-24ba-e6be-3bf04b6344ab,OVER-A15-J
c6bd57cd-416e-c7ad-32ab-1b2671ade486,OVER-A16-A
ccbd57cd-41bc-ae20-207d-479b2c06b0f9,OVER-A16-B
9ebd57cd-4201-4ad7-0259-7e82329690e8,OVER-A16-C
f2c18c2b-f5dc-cf95-96a5-d42b736129d3,OVER-A16-D
f8c18c2b-f6f9-f6a8-15b0-97c0304348cf,OVER-A16-E
b2c18c2b-f6ef-0e0a-7d8a-fbb95bc0d12a,OVER-A16-G
0cc18c2b-f721-3e34-6117-6a98760995ec,OVER-A16-H
2cc18c2b-f7e8-776b-a021-5c15ca4bfb53,OVER-A16-J
e2bd57cd-4245-ba4c-f310-12d11a056523,OVER-A17-A
e2bd57cd-428c-f5ae-1b5d-eec8fd09e70f,OVER-A17-B
cebd57cd-428c-c5f4-b57f-ee8a77eaecb4,OVER-A17-C
06c18c2b-f7b7-1e5f-3c01-43253441a0ea,OVER-A17-D
cec18c2b-f8f4-ea69-9f8a-d8818f0d8ca9,OVER-A17-E
1ac18c2b-f8a0-e3ad-5b60-414814306d8b,OVER-A17-G
f8c18c2b-f8fe-f49b-b918-67b33a4cf727,OVER-A17-H
c4c18c2b-f97f-7b61-f2ee-f0bc0d7d5b1c,OVER-A17-J
a2bd57cd-42d3-d58e-2b5e-15641835bf4e,OVER-A18-A
6cbd57cd-4328-e5e0-4c9b-3a2d226a6bd4,OVER-A18-B
66bd57cd-436a-4c6f-a4e1-0ac5ff566cb2,OVER-A18-C
98c18c2b-f985-d14a-e25e-11eaac1fbf5d,OVER-A18-D
46c18c2b-fab4-0676-d7a0-07f6cc5efaa9,OVER-A18-E
28c18c2b-fa81-7c3f-273d-35b8c1a83c4c,OVER-A18-G
4ec18c2b-fa5f-9180-ebd5-0c0ed1aa3cc4,OVER-A18-H
b8c18c2b-fa87-8a65-cb3b-daad95e6ed9d,OVER-A18-J
fcbd57cd-43b0-7d61-e3ce-337af0d53224,OVER-A19-A
fcbd57cd-429d-953b-bfa8-b1354dfcbb7f,OVER-A19-B
1ebd57cd-42db-bad2-0a5f-3f07a6a1eceb,OVER-A19-C
52c18c2b-fb5e-a070-683c-259043fd4dcb,OVER-A19-D
b4c18c2b-fc87-e5ac-7eea-5cabdf34df0b,OVER-A19-E
1ec18c2b-fc69-acbc-1a40-b321d6c6be39,OVER-A19-G
6cc18c2b-fc46-ff04-64fc-27c29618c730,OVER-A19-H
1ac18c2b-fc9a-4be4-9556-75f39b19cbad,OVER-A19-J
62bd57cd-4056-bc70-39de-0a23e4045509,OVER-A2-A
1ebd57cd-4098-901f-a3d5-799447bfa9b3,OVER-A2-B
88bd57cd-3f9d-86b1-79f4-7f40a5dc1b19,OVER-A2-C
36c18c2b-e932-6fab-ac4e-e553ac93aa76,OVER-A2-D
eec18c2b-ea80-c151-8af3-1d85a8e5bad0,OVER-A2-E
60c18c2b-e9cc-7a2d-25f6-d7a47335b1be,OVER-A2-G
e0c18c2b-dfb7-8088-fa80-27545f22725c,OVER-A2-H
26c18c2b-df79-9dba-e845-cb91e9265d04,OVER-A2-J
92bd57cd-431d-3817-6620-6ff84deeb905,OVER-A20-A
68bd57cd-435f-f9a5-9453-9f895a59e016,OVER-A20-B
06bd57cd-43a0-e62c-7ad6-d7f9407f5f36,OVER-A20-C
26c18c2b-fcfe-2b03-2fe6-71642ffb0271,OVER-A20-D
dec18c2b-fe37-0b14-9a12-37b838d10153,OVER-A20-E
4cc18c2b-fe1e-a023-9a42-299871745900,OVER-A20-G
7ec18c2b-fe21-99df-2416-df20d21b1bc5,OVER-A20-H
f6c18c2b-fdfd-9655-5b22-41053ca76d21,OVER-A20-J
e2bd57cd-42af-120f-7578-5ad1a645a787,OVER-A21-A
eebd57cd-42f2-98ef-61db-31dd0d27dda9,OVER-A21-B
78bd57cd-432f-b52a-d74b-3c87eaa94978,OVER-A21-C
78c18c2b-fe45-9e64-6e65-ded2de74bdff,OVER-A21-D
5cc18c2b-ffa4-40ed-3b5d-e06579048805,OVER-A21-E
72c18c2c-0009-259a-5775-eadf47d369ba,OVER-A21-G
24c18c2b-ffcc-f719-fef8-5b6c2f66fb37,OVER-A21-H
48c18c2b-fff2-0924-2c11-5bb44089391d,OVER-A21-J
d2bd57cd-436e-1514-f290-8015e39e0224,OVER-A22-A
84bd57cd-43ba-8a5a-9d5b-d31a60d9b75e,OVER-A22-B
5ebd57cd-42c3-c3e2-b21c-78c037209b16,OVER-A22-C
dac18c2c-0015-c354-c60e-558d3538e718,OVER-A22-D
00c18c2c-0163-641f-b5e1-7a43ee7eba3f,OVER-A22-E
e8c18c2c-0175-40f3-8bc6-e0028ad048b6,OVER-A22-G
84c18c2c-01b7-242d-c4b9-5d3436867812,OVER-A22-H
c0c18c2c-01a6-38df-f577-8b9d448a3b0f,OVER-A22-J
84bd57cd-4319-be79-dd6e-701606c8db81,OVER-A23-A
0ebd57cd-4362-8002-f056-166a7316e003,OVER-A23-B
74bd57cd-43a5-7419-4db3-6cb205066ffb,OVER-A23-C
b6c18c2c-01c1-3a4e-c6d1-4acdfbcc7c60,OVER-A23-D
94c18c2c-02e7-b56d-e06c-d9006479298c,OVER-A23-E
d2c18c2c-0356-58c2-90e7-4a569b2dbce2,OVER-A23-G
dcc18c2c-03a5-2fec-32b9-2f538adc8294,OVER-A23-H
80c18c2c-0339-ae93-6c4b-8d6497d513e4,OVER-A23-J
c2bd57cd-43e6-6715-7b2b-a9575bda849e,OVER-A24-A
3abd57cd-42de-ae00-55f6-4a55921d5dbd,OVER-A24-B
d0bd57cd-4330-f577-cd91-61dda1669d15,OVER-A24-C
7ac18c2c-0384-4fb0-ec0c-e02a9b63ad77,OVER-A24-D
02c18c2c-04b6-e284-2997-c5e710ae84b4,OVER-A24-E
c4c18c2c-04a0-b457-757d-3bdcdd0e3a9a,OVER-A24-G
98c18c2c-04e5-b6b4-9ecc-a17a33c8e35d,OVER-A24-H
58c18c2c-0561-fe1d-c0d2-912cfb38304f,OVER-A24-J
9cbd57cd-4379-fac0-a18b-6d08226f4db7,OVER-A25-A
90bd57cd-43b9-657e-4ad0-69d7c21393fc,OVER-A25-B
72bd57cd-441d-52b5-09a5-39dcf312a576,OVER-A25-C
6ac18c2c-0507-42a4-8f54-af46f5a509de,OVER-A25-D
00c18c2c-0648-5c1b-9d25-be41976bd044,OVER-A25-E
f4c18c2c-0652-e1ef-98bf-3ea859352b52,OVER-A25-G
e8c18c2c-06cf-086b-e25c-ef1aae4a6e16,OVER-A25-H
64c18c2c-06d4-72c5-01db-87ddc46dcdfe,OVER-A25-J
96bd57cd-42f8-4289-eaa3-d3e2124abbbf,OVER-A26-A
90bd57cd-4342-1c12-bccf-87861bb911b1,OVER-A26-B
44bd57cd-4383-9d41-7dfc-4b9bda6ef290,OVER-A26-C
d2c18c2c-070f-094b-2e4b-0ec1d78b2587,OVER-A26-D
f4c18c2c-0876-e69b-ecd7-10ee66563fc2,OVER-A26-E
eec18c2c-0836-8389-e2f3-b514e49f94a3,OVER-A26-G
2cc18c2c-0865-e967-3618-1e7ed0765d1e,OVER-A26-H
d6c18c2c-08aa-d166-f7f6-2b6bf73d1438,OVER-A26-J
58bd57cd-43c1-8a45-332a-f0a99fca559d,OVER-A27-A
b0bd57cd-4405-1e78-7fab-9049b3bcbf0b,OVER-A27-B
b2bd57cd-440c-b34c-6f74-3fa5ae26ba5a,OVER-A27-C
b4c18c2c-08ee-8775-47a8-7a786014fbb7,OVER-A27-D
8ec18c2c-0a42-8085-a1bf-08dd74747afd,OVER-A27-E
c0c18c2c-0a07-0169-9e07-2e5e5d179344,OVER-A27-G
ecc18c2c-09eb-2f67-e365-20aecf469bfd,OVER-A27-H
c0c18c2c-0a66-3b27-0738-56112cf989f0,OVER-A27-J
0abd57cd-444c-dd04-b392-f16d8d11ace5,OVER-A28-A
a0bd57cd-448c-e15c-bed2-25d9545a633a,OVER-A28-B
9ebd57cd-44ca-9005-ab4a-803d69699842,OVER-A28-C
f0c18c2c-0a90-6a45-25a2-bc38491f5f4c,OVER-A28-D
18c18c2c-0c3f-3dbd-206e-b6176ad3e732,OVER-A28-E
c6c18c2c-0aa7-aa71-7d1f-f749c4c816f7,OVER-A28-G
a8c18c2c-09de-8874-93e1-8a626d08edee,OVER-A28-H
0cc18c2c-095b-b997-c1e0-e95187a8ebf4,OVER-A28-J
96bd57cd-450b-ab27-def4-f981655a0bb3,OVER-A29-A
02bd57cd-441a-38f5-cde3-fa5cf4dc55ae,OVER-A29-B
2abd57cd-445a-3d8a-c096-8751ed37cf36,OVER-A29-C
86c18c2c-0892-bc13-3b62-bbcce9cabf15,OVER-A29-D
0ec18c2c-0ae9-1dee-62ad-d3e6c6073f60,OVER-A29-E
eac18c2c-090b-8c70-c443-aaa17d7ae9a4,OVER-A29-G
4ac18c2c-07fd-19b0-04d4-df0a31c5a04e,OVER-A29-H
38c18c2c-076d-4e3c-ea1a-0b9bb6f66768,OVER-A29-J
2cbd57cd-3fe0-e51d-75a0-ce524aa475de,OVER-A3-A
64bd57cd-4042-cc87-c539-4a0db809ef4f,OVER-A3-B
66bd57cd-408b-0fc8-51d3-954a47b598f8,OVER-A3-C
4ac18c2b-df3d-a147-24ff-6bb2d421e8fc,OVER-A3-D
7ec18c2b-e0c1-e11f-43b3-8f19095a44f0,OVER-A3-E
aac18c2b-e99d-f887-ae9b-bb080864c744,OVER-A3-G
72c18c2b-e95a-d179-dcbd-6416bc93e5dc,OVER-A3-H
22c18c2b-e785-8061-158e-e9a51392ecbb,OVER-A3-J
b2bd57cd-44b1-37e4-733c-aec5dbc87db6,OVER-A30-A
6abd57cd-44f5-8559-a6c1-3ed74e192ac9,OVER-A30-B
d0bd57cd-4537-6619-403a-804dd312c55b,OVER-A30-C
70c18c2c-06d4-9d34-03fa-bdac4e421703,OVER-A30-D
28c18c2c-082e-873d-d8bf-c9d5fd9014bb,OVER-A30-E
cac18c2c-0795-c131-873a-048a08c86548,OVER-A30-G
2ec18c2c-0648-159a-99e7-6065610566af,OVER-A30-H
e4c18c2c-05ab-0ccc-06fe-f8544d965091,OVER-A30-J
7ebd57cd-442c-071c-4f30-7106d45c7744,OVER-A31-A
fcbd57cd-446a-b96c-adf7-5d7a621c2b21,OVER-A31-B
10bd57cd-44a8-6442-1973-e9433b58297f,OVER-A31-C
00c18c2c-04f5-d38e-ddf9-c0f6875bb233,OVER-A31-D
c6c18c2c-062b-6ac1-499f-08ca50ba766e,OVER-A31-E
cec18c2c-059c-13a8-9d1a-a6475533a180,OVER-A31-G
08c18c2c-04e1-daf3-6120-419362a0eeb0,OVER-A31-H
38c18c2c-03e7-bced-207c-cb6b8f861b6d,OVER-A31-J
f8bd57cd-44eb-2861-7d30-4c0423947dac,OVER-A32-A
4cbd57cd-452e-0548-94a8-4228e0224046,OVER-A32-B
40bd57cd-4458-ee73-8d89-105fe030f8ff,OVER-A32-C
54c18c2c-0329-effa-a403-9ae089eb4f82,OVER-A32-D
a2c18c2c-0463-7e49-b099-d9104ff72b27,OVER-A32-E
90c18c2c-03ec-9187-fd14-ca101124b8e8,OVER-A32-G
20c18c2c-02fe-7d3d-e969-3b37224363ed,OVER-A32-H
36c18c2c-0252-7bb3-6018-2d08a9daf1d5,OVER-A32-J
34bd57cd-44a1-ed51-8bff-fdb5bdac558c,OVER-A33-A
40bd57cd-44e7-6a78-aa61-b7989339aa11,OVER-A33-B
78bd57cd-452d-32b0-d2d6-60c91b984452,OVER-A33-C
dec18c2c-0173-28c9-37fe-f191a0a521dd,OVER-A33-D
66c18c2c-02c8-4f6f-dd39-17f7ed085904,OVER-A33-E
f4c18c2c-01fb-cef7-0843-bd08879eaf83,OVER-A33-G
9cc18c2c-0182-6d91-9441-18131a085514,OVER-A33-H
e2c18c2c-00b1-ab94-1712-61f37b751a73,OVER-A33-J
7abd57cd-456e-430d-7320-18193284258d,OVER-A34-A
0ebd57cd-4470-2210-67b9-bc43712ef4e5,OVER-A34-B
00bd57cd-44b1-05c7-10a3-6403c60a0a5f,OVER-A34-C
2ac18c2b-ffbe-3a05-7da8-633cbc59c49b,OVER-A34-D
12c18c2c-010c-e200-769b-d1cb874e0ea6,OVER-A34-E
f8c18c2c-0072-7d7c-a416-00336e1cbc97,OVER-A34-G
dec18c2b-ffc4-ea60-bc08-de716ba9b34c,OVER-A34-H
18c18c2b-ff19-fe17-8209-f386fd52388a,OVER-A34-J
b4bd57cd-44f5-8f4a-4791-60d4e21083b5,OVER-A35-A
20bd57cd-4537-7d91-d89c-c3466575f832,OVER-A35-B
58bd57cd-4577-e6ef-3def-b93478321c5f,OVER-A35-C
74c18c2b-fe1c-5eb1-c60e-90af6447fb94,OVER-A35-D
30c18c2b-ff5b-f1be-b077-61479401282e,OVER-A35-E
1ec18c2b-fed1-0fdc-8111-d3525b1862f5,OVER-A35-G
22c18c2b-fde7-51ee-88ca-d4ad5d71fac7,OVER-A35-H
22c18c2b-fda4-9028-7947-9032e4c40594,OVER-A35-J
40bd57cd-448d-9d13-09d1-a423bd1b9736,OVER-A36-A
1ebd57cd-44ce-f59c-240e-176f16c99c38,OVER-A36-B
a4bd57cd-450c-da88-7f34-fd2204b48b80,OVER-A36-C
70c18c2b-fc4e-a73f-14e5-24ec758c6e02,OVER-A36-D
dac18c2b-fda5-2009-4d69-61fa1048d017,OVER-A36-E
eec18c2b-fca0-ed46-7c43-27ab2ff1f6b2,OVER-A36-G
8ec18c2b-fc4d-7d8b-d545-d00b1d9a0301,OVER-A36-H
b6c18c2b-fbad-ae1e-31a0-09d6d30e8706,OVER-A36-J
16bd57cd-4551-831b-f6ea-8f04af194a3e,OVER-A37-A
6ebd57cd-4599-2d0f-4723-fe54965cc3d4,OVER-A37-B
a4bd57cd-457e-c8dd-d9d9-963436cfaf64,OVER-A37-C
36c18c2b-fb28-c6b2-c2dc-576a518a2489,OVER-A37-D
6ac18c2b-fc59-f073-299b-5a1b83ea78da,OVER-A37-E
aac18c2b-fb0a-985b-c99c-5a6880c93369,OVER-A37-G
bac18c2b-fa37-3689-aa6a-e786ded05a0c,OVER-A37-H
7ac18c2b-f9e0-2bbe-4cc6-ee479af502ef,OVER-A37-J
58bd57cd-45bc-25f0-1eb6-71691eb44a91,OVER-A38-A
b8bd57cd-460b-d5f2-bcab-afd4ce79854a,OVER-A38-B
16bd57cd-4653-90e7-0514-53ae2aec876b,OVER-A38-C
82c18c2b-f97e-c1cb-ddc2-33520f612ec8,OVER-A38-D
4ac18c2b-faf0-aefe-5179-b88a53acda19,OVER-A38-E
dec18c2b-f92d-d620-9e6f-6c31b9aa0152,OVER-A38-G
90c18c2b-f86e-7308-5e06-a3d63592df76,OVER-A38-H
e2c18c2b-f7fc-9663-e8b5-eb5eb96a2a34,OVER-A38-J
28bd57cd-469a-708f-3602-00d1ab7edeff,OVER-A39-A
62bd57cd-45a4-d924-f577-9175dd7b6666,OVER-A39-B
ecbd57cd-45fa-8c64-7fb9-d2c1522e4e80,OVER-A39-C
96c18c2b-f7a7-683a-0ae6-d982aa087064,OVER-A39-D
78c18c2b-f8f7-7729-34e5-d0e183ba8a5f,OVER-A39-E
7ec18c2b-f849-4114-3b9b-e2e3d52aab51,OVER-A39-G
08c18c2b-f6f9-d8da-2969-6017f0a12a93,OVER-A39-H
fcc18c2b-f62a-f85d-3654-1ebac523d9de,OVER-A39-J
32bd57cd-40f7-4133-241f-18a5125719ed,OVER-A4-A
14bd57cd-3f9e-1431-2a19-c97ee55f801a,OVER-A4-B
e8bd57cd-3fdf-3197-e7d3-89a85a613134,OVER-A4-C
9ac18c2b-e6f6-20aa-674d-1b4702b15aaa,OVER-A4-D
c8c18c2b-e838-7976-6785-1ede12591a71,OVER-A4-E
9cc18c2b-e78f-eaf9-e8b5-b8171ab47e1b,OVER-A4-G
2ec18c2b-e744-e431-d9e7-e66852a45d3b,OVER-A4-H
d2c18c2b-e5a2-86d0-e333-2201171e40f9,OVER-A4-J
f0bd57cd-4657-7e9a-a30f-cf3d93cb046e,OVER-A40-A
0cbd57cd-4695-b41d-4a1c-e99bc92c920b,OVER-A40-B
eebd57cd-46f4-a17e-5e6c-126378d90aa3,OVER-A40-C
a8c18c2b-f5d2-16eb-9cf6-142083e49ba9,OVER-A40-D
2ec18c2b-f6fe-3715-c06e-0ed10c97f65c,OVER-A40-E
f8c18c2b-f6b8-c083-e38b-97b9d72b73bd,OVER-A40-G
a4c18c2b-f537-9498-6aed-094da5dfdbd7,OVER-A40-H
52c18c2b-f4a9-b246-d0d1-fc2ea72eab6c,OVER-A40-J
18bd57cd-45a2-ae0d-d4a4-45e08c7a8957,OVER-A41-A
66bd57cd-45ec-44fa-f7bd-58d4753fdc49,OVER-A41-B
92bd57cd-462c-e60a-1e98-d435587f4b4a,OVER-A41-C
34c18c2b-f402-daa3-4bf8-877a63bf5951,OVER-A41-D
72c18c2b-f52e-6c06-c958-2d257e32030e,OVER-A41-E
08c18c2b-f4d1-b2dd-dc4d-c7b6a9eca6c2,OVER-A41-G
3cc18c2b-f445-bac7-35fc-df24bed9b9cf,OVER-A41-H
30c18c2b-f309-0b89-5c04-3e9aed691a58,OVER-A41-J
20bd57cd-4674-7c5a-a0fe-a056d09cdc6e,OVER-A42-A
febd57cd-46bc-6429-9bd0-dd87ba846cfb,OVER-A42-B
5cbd57cd-45db-63cf-44ea-1648524663d4,OVER-A42-C
d0c18c2b-f234-1f7b-d97e-86d34d2754ac,OVER-A42-D
34c18c2b-f35a-7094-4930-f08bab58e2e3,OVER-A42-E
40c18c2b-f2ce-7ba6-d367-977b8398bc9c,OVER-A42-G
56c18c2b-f29d-b9d1-a5fc-8b1843764ead,OVER-A42-H
f0c18c2b-f120-28be-f0a5-8987bc0e1d86,OVER-A42-J
b4bd57cd-4618-f996-bc8d-665ad16c1fd0,OVER-A43-A
4ebd57cd-4657-d6d0-791e-eccc80f86560,OVER-A43-B
7ebd57cd-46a7-8774-23fc-668e9ebe7d25,OVER-A43-C
e6c18c2b-f090-c3aa-f745-e5fcf7b6a881,OVER-A43-D
cac18c2b-f1ae-aff8-797c-cb5743c45672,OVER-A43-E
3ec18c2b-f13e-d6b6-88a6-4e5f60d61162,OVER-A43-G
0cc18c2b-f0b7-3c79-563d-c74655eb7faa,OVER-A43-H
78c18c2b-f016-9578-e614-fb00a30983c5,OVER-A43-J
72bd57cd-46fa-30e7-4ea9-d26bce2d543a,OVER-A44-A
aabd57cd-45e4-e1ac-9fa1-1f010095103a,OVER-A44-B
3cbd57cd-4628-ca96-a373-9973cc41ae34,OVER-A44-C
2ac18c2b-eef0-029c-a94c-79ae03548f56,OVER-A44-D
92c18c2b-f022-f2b5-d140-7ed491011886,OVER-A44-E
d4c18c2b-ef88-09aa-d52e-41385427fda2,OVER-A44-G
fac18c2b-ef17-1d14-c260-ce1f223d5f7d,OVER-A44-H
e0c18c2b-eea9-244c-459f-0cb5e112bef8,OVER-A44-J
d0bd57cd-466b-a981-6a05-372c4b635d6f,OVER-A45-A
20bd57cd-46ab-b1f4-a882-c62dce04dec0,OVER-A45-B
18bd57cd-46ed-d258-5359-8508607dbb4e,OVER-A45-C
ccc18c2b-ed10-6489-ec13-d09690dc019d,OVER-A45-D
60c18c2b-ee45-5682-d8e4-47b28cf51704,OVER-A45-E
f0c18c2b-edae-c94a-731f-1782fc437036,OVER-A45-G
34c18c2b-ed78-38ac-e794-f479c374aae3,OVER-A45-H
50c18c2b-ecc5-e2e1-6b5a-5ad0c2cd6c39,OVER-A45-J
8cbd57cd-4621-b45a-6f4e-2c04469ff860,OVER-A46-A
2ebd57cd-4665-3e16-e6aa-12df5601bbe4,OVER-A46-B
2ebd57cd-46a9-ed15-dd7f-51efdcea36d5,OVER-A46-C
c8c18c2b-ec3a-57b5-fce5-a38e31461008,OVER-A46-D
78c18c2b-ed52-e8ad-b9d1-ded67b98d849,OVER-A46-E
a6c18c2b-ec0e-fcb5-2823-8fa83298a59b,OVER-A46-G
d4c18c2b-eb7a-38f5-899f-ceb954c7a2a5,OVER-A46-H
1cc18c2b-eb27-ce16-f16d-0fad3005a805,OVER-A46-J
86bd57cd-46f2-632b-ee99-417dc00bf5a8,OVER-A47-A
f6bd57cd-473b-c301-dba7-0ed4503ceb63,OVER-A47-B
a2bd57cd-470c-4554-14d7-c36e3c02ddeb,OVER-A47-C
90c18c2b-ea99-8ae8-aaff-02e940d3bdef,OVER-A47-D
ccc18c2b-ebbf-49c8-fc1b-1a12a6fb0594,OVER-A47-E
8ec18c2b-ea11-408b-b30e-b42024d8c9e5,OVER-A47-G
7ac18c2b-e9b0-1fb3-e86e-c51d92164714,OVER-A47-H
f0c18c2b-e925-5581-e0c5-3e64d37557b4,OVER-A47-J
36bd57cd-4771-970f-9215-4c24bb629723,OVER-A48-A
a4bd57cd-47b7-3f7f-4993-b9714d006af9,OVER-A48-B
46bd57cd-47f7-1e5b-1dfc-a7dcf6c6820c,OVER-A48-C
d8c18c2b-e8bd-1d7c-9402-ffb0f22e78f4,OVER-A48-D
e6c18c2b-ea08-d710-c950-be3382d13d97,OVER-A48-E
8ac18c2b-e974-e34e-06bf-2793ed224526,OVER-A48-G
80c18c2b-e7d0-79fb-fe44-a63ce273a576,OVER-A48-H
06c18c2b-e739-cf8f-048e-5db9d814e763,OVER-A48-J
46bd57cd-4839-a4c4-fddb-bf1d212a2918,OVER-A49-A
16bd57cd-4726-21fa-54a3-fec91fc8ec78,OVER-A49-B
3cbd57cd-477c-cde7-7e0a-ebbd5685a6e6,OVER-A49-C
30c18c2b-e6df-90ef-d119-44eb60cd27a8,OVER-A49-D
34c18c2b-e85f-6554-4950-69148bc6511c,OVER-A49-E
e0c18c2b-e799-5eaf-8434-145c297cf72c,OVER-A49-G
d2c18c2b-e74b-87d4-ca69-cd0c099ffd73,OVER-A49-H
06c18c2b-e576-fd2e-dd37-7984ac7ca879,OVER-A49-J
aebd57cd-4027-c7b2-f844-9195b15be73f,OVER-A5-A
a4bd57cd-4085-df2b-0bf1-68b7285f690d,OVER-A5-B
78bd57cd-40c9-1329-e077-45fa8bad9af6,OVER-A5-C
9cc18c2b-e525-4708-c275-e48e94ff14fe,OVER-A5-D
c8c18c2b-e64b-7474-37d1-7b5dec2376e5,OVER-A5-E
82c18c2b-e5f5-2f2c-0cd1-d59705288215,OVER-A5-G
52c18c2b-e574-09f9-e957-d0712e84218f,OVER-A5-H
70c18c2b-e4ed-2ade-4f47-96239a954d0f,OVER-A5-J
fcbd57cd-47c9-03ce-11f2-0b6503c7f336,OVER-A50-A
9cbd57cd-4816-75ac-86a6-68100c9baf78,OVER-A50-B
c0bd57cd-4859-b78c-9a5d-e7d299a5a62f,OVER-A50-C
d8c18c2b-e50b-dac8-82cb-f6cd4196df6c,OVER-A50-D
34c18c2b-e64f-eeba-351a-aaa6083d9a6a,OVER-A50-E
22c18c2b-e5cb-a101-e338-cb11ea88fd8d,OVER-A50-G
34c18c2b-e575-bf3b-e181-56d1d62c4247,OVER-A50-H
bec18c2b-e3d7-71fa-0f24-49945b3031b5,OVER-A50-J
90bd57cd-4763-f94b-02bb-43fbcdab6288,OVER-A51-A
5ebd57cd-47aa-5762-31d0-5f52ade56055,OVER-A51-B
4ebd57cd-47ec-9415-1617-7335b38a0897,OVER-A51-C
d0c18c2b-e33a-eca1-bad6-302412e303c7,OVER-A51-D
3ec18c2b-e471-2a39-4ea3-a4fdf37752fa,OVER-A51-E
7ac18c2b-e40f-eaec-b0b5-fb4817a71756,OVER-A51-G
04c18c2b-e39c-6d87-cbab-f3af4f2b2457,OVER-A51-H
38c18c2b-e325-5600-86cd-a5d0f6d5e9a2,OVER-A51-J
3abd57cd-482e-72a6-e71b-23a415483f67,OVER-A52-A
7abd57cd-487f-4c6d-88ba-e0aeafc41bbf,OVER-A52-B
fcbd57cd-4765-9b9c-876b-4333f0153740,OVER-A52-C
92c18c2b-e148-247a-9d43-eaf39bb47654,OVER-A52-D
68c18c2b-e266-7ce7-75fb-390d18fbf81e,OVER-A52-E
5cc18c2b-e1f0-cfb7-82b9-2a6fb0cf22bb,OVER-A52-G
7cc18c2b-e1bd-314e-8cd4-c8f99fb81845,OVER-A52-H
7ac18c2b-e164-5dcb-40be-f731a3969a22,OVER-A52-J
50bd57cd-3fac-6b36-4605-e047c9350113,OVER-A6-A
dabd57cd-3fec-c910-2016-8b6a9c0b039d,OVER-A6-B
ecbd57cd-402c-ce7e-2940-b0335da503b3,OVER-A6-C
7cc18c2b-e333-baa0-0b3c-f7de2db2b97c,OVER-A6-D
16c18c2b-e48d-4e89-0994-229f6aeb56c0,OVER-A6-E
cac18c2b-e40a-62c3-b548-86ec097fdfb5,OVER-A6-G
46c18c2b-e386-d435-735b-36633df98649,OVER-A6-H
52c18c2b-e332-deb1-4f33-dcef892fb3e0,OVER-A6-J
c8bd57cd-4074-c15a-7f7f-5032175f92b7,OVER-A7-A
42bd57cd-40b5-08f2-bfb9-c85428f08a4b,OVER-A7-B
eabd57cd-40f9-32d2-c2e2-25f5b84acdfa,OVER-A7-C
38c18c2b-e165-d640-cede-cbfac3058b5a,OVER-A7-D
66c18c2b-e2b8-dabd-a770-e89850ebfb4a,OVER-A7-E
dcc18c2b-e234-8a06-150d-3da2fab5f8d6,OVER-A7-G
28c18c2b-e1db-f794-6be2-9cb81d034c4d,OVER-A7-H
f8c18c2b-df7a-645d-9c39-da9fa56f157d,OVER-A7-J
50bd57cd-413a-1f43-0478-d1fa41fea0a3,OVER-A8-A
7cbd57cd-417b-aaf7-4df2-59acf46fa50e,OVER-A8-B
56bd57cd-41b7-bb4d-c0c0-8bde13494a54,OVER-A8-C
64c18c2b-df12-27b2-e9d2-69e4bcc2e248,OVER-A8-D
ecc18c2b-e07c-f8fc-713f-9cb889d3377e,OVER-A8-E
04c18c2b-eb9f-89ff-bacd-5a730c63e2b4,OVER-A8-G
b2c18c2b-dfdb-7caf-422c-92fb0a925149,OVER-A8-H
10c18c2b-df77-f329-7ab3-1ab3825628f6,OVER-A8-J
4cbd57cd-4215-9a14-e401-86754fab9019,OVER-A9-A
eebd57cd-4109-9382-0aad-03e7174d3f90,OVER-A9-B
7ebd57cd-414f-af84-d260-0c2828cfd2a4,OVER-A9-C
e8c18c2b-e10e-562f-82e7-b3f47b6bafdd,OVER-A9-D
fcc18c2b-e250-54f3-22e9-0e8d36c4e282,OVER-A9-E
72c18c2b-e201-2729-f9b3-a4ce436f5877,OVER-A9-G
1ec18c2b-eb90-5a7a-b02a-834af165147d,OVER-A9-H
84c18c2b-eb92-cab8-d32e-a73d270fce33,OVER-A9-J
